id,title,created_at
3166,Welcome Letter,29-07-2025
5514,Trainee Relieving Letter,27-10-2025
4272,Trainee Offer Letter,26-08-2025
6057,TERMINATION – RELIEVING & EXPERIENCE LETTER,28-02-2026
3164,Salary Increment Letter,29-07-2025
3167,Relieving and Experience Letter,29-07-2025
6056,Promotion and Salary Increment Letter,27-02-2026
3163,Offer Letter,29-07-2025
3162,Joining Letter,29-07-2025
3168,Excellence Letter,29-07-2025
6054,Employee Bond,26-02-2026
4637,Contractual Letter,01-09-2025
6055,BOND_Certificate / New Technology,26-02-2026
3165,Acceptance Letter,29-07-2025
